Generator,MinRunCapacity,MaxRunCapacity,Ramp,UT,DT,NoLoadConsumption,StartupCost,StartupFuel,HRSGenerator,FuelGenerator,FHGenerator,Technology
Aalst Syral GT,223.2216,223.2216,0,8,8,0.5891,20,11.3319,CHP_NAT_GAS_45,NAT_GAS,FH_ZGH,CHP
Aalst Syral ST,25.956,25.956,0,8,8,0.5891,20,11.3319,CHP_NAT_GAS_45,NAT_GAS,FH_ZGH,CHP
Amercoeur 1 R TGV,715.5204,1300.684,1.8,8,4,0.966,10,2.511,CCGT_NAT_GAS_12,NAT_GAS,FH_ZGH,CCGT
ANGLEUR TG 41,44.4136,184.576,3,2,2,1.1057,0,2.511,GST_NAT_GAS_02,NAT_GAS,FH_ZGH,GST
ANGLEUR TG 42,44.4136,184.576,3,2,2,1.1057,0,2.511,GST_NAT_GAS_02,NAT_GAS,FH_ZGH,GST
ANGLEUR TG31,5.768,72.1,0.6,12,8,0,10,7.3536,GST_NAT_GAS_16,NAT_GAS,FH_ZGH,GST
ANGLEUR TG32,5.768,72.1,0.6,12,8,0.8492,10,7.3536,GST_NAT_GAS_14,NAT_GAS,FH_ZGH,GST
AWIRS 4,6.08,76,0.6,12,8,1.5,35,7.3536,NUCLEAR_01,BIOMASS,FH_BIO_AWIRS_4,GST
Beveren 2 Indaver,4,16.8,3,2,2,1.7176,0,0,BIOMASSOTHER_12,WASTE,FH_BE_INDAVER,BIOMASSOTHER
Beveren Ineos Phenolchemie,118.35936,118.35936,0,8,8,0.225,20,11.3319,CHP_NAT_GAS_50,NAT_GAS,FH_ZGH,CHP
Beveren Sleco,7.84,32.8,3,2,2,1.3276,0,0,BIOMASSOTHER_09,WASTE,FH_BE_SCHAARBEEK,BIOMASSOTHER
Biostoom Oostende,100.70928,100.70928,0,8,8,0.225,20,11.3319,CHP_NAT_GAS_50,NAT_GAS,FH_ZGH,CHP
DROGENBOS DM 51,1.2,5,3,2,2,1.3438,0,2.511,GT_NAT_GAS_19,GASOIL,FH_NWE,GT
DROGENBOS DM 52,1.2,5,3,2,2,1.3438,0,2.511,GT_NAT_GAS_19,GASOIL,FH_NWE,GT
DROGENBOS TGV,737.7272,1341.06,1.8,8,4,0,10,2.511,CCGT_NAT_GAS_08,NAT_GAS,FH_ZGH,CCGT
EDF Luminus Izegem WKK,114.2064,114.2064,0,8,8,0.225,20,11.3319,CHP_NAT_GAS_50,NAT_GAS,FH_ZGH,CHP
Electrawinds biomassa Oostende,25.92,25.92,0,8,8,0.225,20,11.3319,CHP_NAT_GAS_50,WASTE,FH_BE_ISVAG,CHP
Eurosilo,66.96648,66.96648,0,8,8,0.225,20,11.3319,CHP_NAT_GAS_50,NAT_GAS,FH_ZGH,CHP
Greenpower Oostende,3.84,16,3,2,2,0,0,0,BIOMASSOTHER_11,WASTE,FH_BELGIUM,BIOMASSOTHER
HAM31,40.0876,167.272,3,2,2,1.1057,0,2.511,GST_NAT_GAS_02,NAT_GAS,FH_ZGH,GST
HAM32,40.0876,167.272,3,2,2,1.1057,0,2.511,GST_NAT_GAS_02,NAT_GAS,FH_ZGH,GST
HAM-GENT WKK,12.1128,149.968,0.6,12,8,0,10,7.3536,GST_NAT_GAS_15,NAT_GAS,FH_ZGH,GST
HERDERSBRUG STEG,737.7272,1341.06,1.8,8,4,1.0189,10,2.511,CCGT_NAT_GAS_09,NAT_GAS,FH_ZGH,CCGT
Incinerateur THUMAIDE (IPALLE),6.56,27.2,3,2,2,0,0,0,BIOMASSOTHER_11,WASTE,FH_BE_SCHAARBEEK,BIOMASSOTHER
INESCO WKK,282.9204,397.992,1.16,8,8,0,20,11.3319,CCGT_NAT_GAS_17,NAT_GAS,FH_ZGH,CCGT
Intradel Herstal,6.56,27.2,3,2,2,0,0,0,BIOMASSOTHER_11,WASTE,FH_BE_SCHAARBEEK,BIOMASSOTHER
IVBO,3.04,12.8,3,2,2,1.7176,0,0,BIOMASSOTHER_12,WASTE,FH_BE_INDAVER,BIOMASSOTHER
Jemeppe-sur-Sambre GT1,249.1776,249.1776,0,8,8,0,20,11.3319,CHP_NAT_GAS_28,NAT_GAS,FH_ZGH,CHP
Jemeppe-sur-Sambre GT2,249.1776,249.1776,0,8,8,0,20,11.3319,CHP_NAT_GAS_28,NAT_GAS,FH_ZGH,CHP
Jemeppe-sur-Sambre ST,51.912,51.912,0,8,8,0,20,11.3319,CHP_NAT_GAS_28,NAT_GAS,FH_ZGH,CHP
Lanaken Sappi,223.2216,223.2216,0,8,8,0.648,20,11.3319,CHP_NAT_GAS_47,NAT_GAS,FH_ZGH,CHP
LANGERBRUGGE STORA ST 1,12.096,14.4,0.64,8,8,0.216,20,11.3319,CHP_NAT_GAS_42,WASTE,FH_BE_SCHAARBEEK,CHP
LANGERBRUGGE STORA ST 2,48.384,57.6,0.64,8,8,0.216,20,11.3319,CHP_NAT_GAS_42,WASTE,FH_BE_SCHAARBEEK,CHP
Lillo Degussa GT1,89.28864,223.2216,1.2,8,8,0.774,20,11.3319,CHP_NAT_GAS_29,NAT_GAS,FH_ZGH,CHP
Lillo Degussa GT2,66.44736,166.1184,1.2,8,8,0.774,20,11.3319,CHP_NAT_GAS_29,NAT_GAS,FH_ZGH,CHP
Lillo Degussa ST,20.7648,51.912,1.2,8,8,0.774,20,11.3319,CHP_NAT_GAS_29,NAT_GAS,FH_ZGH,CHP
Marcinelle Energie (Carsid),642.5552,1168.02,1.8,8,4,0.9723,10,2.511,CCGT_NAT_GAS_18,NAT_GAS,FH_ZGH,CCGT
Oorderen Bayer,223.2216,223.2216,0,8,8,0.5891,20,11.3319,CHP_NAT_GAS_45,NAT_GAS,FH_ZGH,CHP
RINGVAART STEG,579.1072,1052.66,1.8,8,4,0,10,2.511,CCGT_NAT_GAS_08,NAT_GAS,FH_ZGH,CCGT
RODENHUIZE 4,17.12,214.4,1.2,12,8,1.1057,10,6.6027,GST_NAT_GAS_02,BIOMASS,FH_ARA,GST
SAINT-GHISLAIN STEG,555.17,1009.4,1.8,8,4,0.7302,10,2.511,CCGT_NAT_GAS_02,NAT_GAS,FH_ZGH,CCGT
Schaerbeek Siomab ST1,2.88,12,3,2,2,1.3276,0,0,BIOMASSOTHER_09,WASTE,FH_BE_SCHAARBEEK,BIOMASSOTHER
Schaerbeek Siomab ST2,2.88,12,3,2,2,1.3276,0,0,BIOMASSOTHER_09,WASTE,FH_BE_SCHAARBEEK,BIOMASSOTHER
Schaerbeek Siomab ST3,2.88,12,3,2,2,1.3276,0,0,BIOMASSOTHER_09,WASTE,FH_BE_SCHAARBEEK,BIOMASSOTHER
Scheldelaan Exxonmobil,498.3552,726.768,1.2,8,8,0.875,20,11.3319,CHP_NAT_GAS_22,NAT_GAS,FH_ZGH,CHP
Taminco (Gent) WKK,23.87952,32.70456,1.1,8,8,0.5508,20,11.3319,CHP_NAT_GAS_39,NAT_GAS,FH_ZGH,CHP
T-power Beringen,669.3764,1217.048,1.8,8,4,0,10,2.511,CCGT_NAT_GAS_17,NAT_GAS,FH_ZGH,CCGT
Wilmarsdonk Total GT1,223.2216,223.2216,0,8,8,0,20,11.3319,CHP_NAT_GAS_12,NAT_GAS,FH_ZGH,CHP
Wilmarsdonk Total GT2,223.2216,223.2216,0,8,8,0,20,11.3319,CHP_NAT_GAS_12,NAT_GAS,FH_ZGH,CHP
Wilmarsdonk Total GT3,223.2216,223.2216,0,8,8,0,20,11.3319,CHP_NAT_GAS_12,NAT_GAS,FH_ZGH,CHP
Zandvliet Power,802.0404,1113.8008,2.4,8,4,0,10,2.511,CCGT_NAT_GAS_08,NAT_GAS,FH_ZANDVLIETPOWER,CCGT
Zeebrugge 2 Fluxys,207.648,207.648,0,8,8,0,20,11.3319,CHP_NAT_GAS_49,NAT_GAS,FH_ZGH,CHP
Zelzate 2 Knippegroen,20.16,252,1.2,12,8,1.1057,10,6.6027,GST_NAT_GAS_02,BIOMASS,FH_ARA,GST
Zwijndrecht Lanxess GT,161.44632,223.2216,1.1,8,8,0.5508,20,11.3319,CHP_NAT_GAS_39,NAT_GAS,FH_ZGH,CHP
Zwijndrecht Lanxess ST,56.58408,77.868,1.1,8,8,0.5508,20,11.3319,CHP_NAT_GAS_39,NAT_GAS,FH_ZGH,CHP
