﻿HeatRateCurve,SeriesHRC,InterceptHRC,SlopeHRC
BIOMASSOTHER_07_1,BIOMASSOTHER_07,0,16.3636
BIOMASSOTHER_08_1,BIOMASSOTHER_08,0,13.0909
BIOMASSOTHER_08_2,BIOMASSOTHER_08,-0.245446154,13.5818
BIOMASSOTHER_08_3,BIOMASSOTHER_08,-1.963617308,15.8727
BIOMASSOTHER_09_1,BIOMASSOTHER_09,0,10.448
BIOMASSOTHER_09_2,BIOMASSOTHER_09,-0.382835556,11.2137
BIOMASSOTHER_09_3,BIOMASSOTHER_09,-0.957104444,11.9794
BIOMASSOTHER_10_1,BIOMASSOTHER_10,0,13.0909
BIOMASSOTHER_10_2,BIOMASSOTHER_10,-0.736344444,14.5636
BIOMASSOTHER_10_3,BIOMASSOTHER_10,-0.981811111,14.8909
BIOMASSOTHER_11_1,BIOMASSOTHER_11,0,12.3499
BIOMASSOTHER_12_1,BIOMASSOTHER_12,0,9.1603
BIOMASSOTHER_12_2,BIOMASSOTHER_12,-0.171745,9.5038
BIOMASSOTHER_12_3,BIOMASSOTHER_12,-1.374065,11.1069
CCGT_NAT_GAS_02_1,CCGT_NAT_GAS_02,0,5.7464
CCGT_NAT_GAS_02_2,CCGT_NAT_GAS_02,-0.210542417,6.1675
CCGT_NAT_GAS_02_3,CCGT_NAT_GAS_02,-0.526430667,6.5887
CCGT_NAT_GAS_08_1,CCGT_NAT_GAS_08,0,6.7925
CCGT_NAT_GAS_09_1,CCGT_NAT_GAS_09,0,5.434
CCGT_NAT_GAS_09_2,CCGT_NAT_GAS_09,-0.305668957,6.0453
CCGT_NAT_GAS_09_3,CCGT_NAT_GAS_09,-0.407523215,6.1811
CCGT_NAT_GAS_12_1,CCGT_NAT_GAS_12,0,5.1521
CCGT_NAT_GAS_12_2,CCGT_NAT_GAS_12,-0.28982151,5.7317
CCGT_NAT_GAS_12_3,CCGT_NAT_GAS_12,-0.386430435,5.8605
CCGT_NAT_GAS_17_1,CCGT_NAT_GAS_17,0,6.4818
CCGT_NAT_GAS_18_1,CCGT_NAT_GAS_18,0,5.1855
CCGT_NAT_GAS_18_2,CCGT_NAT_GAS_18,-0.291673902,5.7688
CCGT_NAT_GAS_18_3,CCGT_NAT_GAS_18,-0.388945122,5.8985
CHP_NAT_GAS_12_1,CHP_NAT_GAS_12,0,7.5
CHP_NAT_GAS_22_1,CHP_NAT_GAS_22,0,5.3799
CHP_NAT_GAS_22_2,CHP_NAT_GAS_22,-0.680624286,6.2874
CHP_NAT_GAS_28_1,CHP_NAT_GAS_28,0,6.549
CHP_NAT_GAS_29_1,CHP_NAT_GAS_29,0,6.0912
CHP_NAT_GAS_29_2,CHP_NAT_GAS_29,-0.2232,6.5376
CHP_NAT_GAS_29_3,CHP_NAT_GAS_29,-0.558,6.984
CHP_NAT_GAS_39_1,CHP_NAT_GAS_39,0,6.5376
CHP_NAT_GAS_39_2,CHP_NAT_GAS_39,-0.3348,6.984
CHP_NAT_GAS_42_1,CHP_NAT_GAS_42,0,6.984
CHP_NAT_GAS_45_1,CHP_NAT_GAS_45,0,5.9564
CHP_NAT_GAS_47_1,CHP_NAT_GAS_47,0,6.552
CHP_NAT_GAS_49_1,CHP_NAT_GAS_49,0,7.2289
CHP_NAT_GAS_50_1,CHP_NAT_GAS_50,0,7.275
GST_NAT_GAS_02_1,GST_NAT_GAS_02,0,8.7017
GST_NAT_GAS_02_2,GST_NAT_GAS_02,-0.318842926,9.3394
GST_NAT_GAS_02_3,GST_NAT_GAS_02,-0.797110772,9.9771
GST_NAT_GAS_14_1,GST_NAT_GAS_14,0,6.6833
GST_NAT_GAS_14_2,GST_NAT_GAS_14,-0.244876563,7.1731
GST_NAT_GAS_14_3,GST_NAT_GAS_14,-0.612217188,7.6629
GST_NAT_GAS_15_1,GST_NAT_GAS_15,0,7.458
GST_NAT_GAS_16_1,GST_NAT_GAS_16,0,11.8969
GT_NAT_GAS_19_1,GT_NAT_GAS_19,0,10.575
GT_NAT_GAS_19_2,GT_NAT_GAS_19,-0.3875,11.35
GT_NAT_GAS_19_3,GT_NAT_GAS_19,-0.96875,12.125
NUCLEAR_01_1,NUCLEAR_01,0,8
NUCLEAR_01_2,NUCLEAR_01,-0.15,8.3
NUCLEAR_01_3,NUCLEAR_01,-1.2,9.7
NUCLEAR_03_1,NUCLEAR_03,0,10.9091
NUCLEAR_04_1,NUCLEAR_04,0,9.2291
NUCLEAR_04_2,NUCLEAR_04,-0.338204548,9.9055
NUCLEAR_04_3,NUCLEAR_04,-0.845440936,10.5818
NUCLEAR_05_1,NUCLEAR_05,0,8.7273
NUCLEAR_05_2,NUCLEAR_05,-0.163613649,9.0545
NUCLEAR_05_3,NUCLEAR_05,-1.309077299,10.5818
NUCLEAR_06_1,NUCLEAR_06,0,8.7273
NUCLEAR_06_2,NUCLEAR_06,-0.490913615,9.7091
NUCLEAR_06_3,NUCLEAR_06,-0.654565846,9.9273
